<?xml version = '1.0' encoding = 'UTF-8'?>
<Table class="oracle.dbtools.crest.model.design.relational.Table" directorySegmentName="seg_0" id="0083369E-6D76-304F-396B-0631D5C7B38C" name="TBL_HISTORICO_UBERS">
<createdBy>steph</createdBy>
<createdTime>2024-03-24 05:44:38 UTC</createdTime>
<ownerDesignName>Modelo_DHW_ProyectoBD2</ownerDesignName>
<ordsAlias>table_4</ordsAlias>
<allowColumnReorder>false</allowColumnReorder>
<existDependencyGenerateInDDl>true</existDependencyGenerateInDDl>
<parsed>true</parsed>
<columns itemClass="oracle.dbtools.crest.model.design.relational.Column">
<Column name="ID_HISTORICO" id="A0C922C7-8EEF-35AB-707E-5B5BF2F5E9FA">
<createdBy>steph</createdBy>
<createdTime>2024-03-24 05:44:38 UTC</createdTime>
<ownerDesignName>Modelo_DHW_ProyectoBD2</ownerDesignName>
<useDomainConstraints>false</useDomainConstraints>
<use>1</use>
<logicalDatatype>LOGDT024</logicalDatatype>
<dataTypeSize>24</dataTypeSize>
<ownDataTypeParameters>24,,</ownDataTypeParameters>
<autoIncrementCycle>false</autoIncrementCycle>
</Column>
<Column name="ID_CONDUCTOR" id="701CADA1-30BD-36DA-E9F1-23C735B138E0">
<createdBy>steph</createdBy>
<createdTime>2024-03-24 05:44:38 UTC</createdTime>
<ownerDesignName>Modelo_DHW_ProyectoBD2</ownerDesignName>
<nullsAllowed>true</nullsAllowed>
<useDomainConstraints>false</useDomainConstraints>
<use>1</use>
<logicalDatatype>LOGDT024</logicalDatatype>
<dataTypeSize>24</dataTypeSize>
<ownDataTypeParameters>24,,</ownDataTypeParameters>
<previousColumn>false</previousColumn>
<autoIncrementCycle>false</autoIncrementCycle>
<associations>
<colAssociation fkAssociation="93123343-FCBE-B39C-2251-EF4B6791F0CD" referredColumn="C04A1F46-192A-765B-42EA-9E904A47056F"/>
</associations>
</Column>
<Column name="MARCA" id="648FC602-5E87-29B1-F6F7-970347F755C1">
<createdBy>steph</createdBy>
<createdTime>2024-03-24 05:44:38 UTC</createdTime>
<ownerDesignName>Modelo_DHW_ProyectoBD2</ownerDesignName>
<nullsAllowed>true</nullsAllowed>
<useDomainConstraints>false</useDomainConstraints>
<use>1</use>
<logicalDatatype>LOGDT024</logicalDatatype>
<dataTypeSize>100</dataTypeSize>
<ownDataTypeParameters>100,,</ownDataTypeParameters>
<autoIncrementCycle>false</autoIncrementCycle>
</Column>
<Column name="COLOR" id="2EEE64A3-B856-C4C6-58F5-542457727569">
<createdBy>steph</createdBy>
<createdTime>2024-03-24 05:44:38 UTC</createdTime>
<ownerDesignName>Modelo_DHW_ProyectoBD2</ownerDesignName>
<nullsAllowed>true</nullsAllowed>
<useDomainConstraints>false</useDomainConstraints>
<use>1</use>
<logicalDatatype>LOGDT024</logicalDatatype>
<dataTypeSize>50</dataTypeSize>
<ownDataTypeParameters>50,,</ownDataTypeParameters>
<autoIncrementCycle>false</autoIncrementCycle>
</Column>
<Column name="PLACA" id="271D4794-229A-A5B3-B6EF-8945933B8CC8">
<createdBy>steph</createdBy>
<createdTime>2024-03-24 05:44:38 UTC</createdTime>
<ownerDesignName>Modelo_DHW_ProyectoBD2</ownerDesignName>
<nullsAllowed>true</nullsAllowed>
<useDomainConstraints>false</useDomainConstraints>
<use>1</use>
<logicalDatatype>LOGDT024</logicalDatatype>
<dataTypeSize>50</dataTypeSize>
<ownDataTypeParameters>50,,</ownDataTypeParameters>
<autoIncrementCycle>false</autoIncrementCycle>
</Column>
<Column name="ANIO" id="B053A64A-5334-95BF-B6E4-5B02BC2181E6">
<createdBy>steph</createdBy>
<createdTime>2024-03-24 05:44:38 UTC</createdTime>
<ownerDesignName>Modelo_DHW_ProyectoBD2</ownerDesignName>
<nullsAllowed>true</nullsAllowed>
<useDomainConstraints>false</useDomainConstraints>
<use>1</use>
<logicalDatatype>LOGDT011</logicalDatatype>
<ownDataTypeParameters>,,</ownDataTypeParameters>
<autoIncrementCycle>false</autoIncrementCycle>
</Column>
<Column name="FECHA_INICIO" id="AED06C7E-B306-7850-C22D-F97AB1563137">
<createdBy>steph</createdBy>
<createdTime>2024-03-24 05:44:38 UTC</createdTime>
<ownerDesignName>Modelo_DHW_ProyectoBD2</ownerDesignName>
<nullsAllowed>true</nullsAllowed>
<useDomainConstraints>false</useDomainConstraints>
<use>1</use>
<logicalDatatype>LOGDT007</logicalDatatype>
<ownDataTypeParameters>,,</ownDataTypeParameters>
<autoIncrementCycle>false</autoIncrementCycle>
</Column>
<Column name="FECHA_FINAL" id="1511F270-EF3A-FD3B-8F3D-EDE630F9EA01">
<createdBy>steph</createdBy>
<createdTime>2024-03-24 05:44:38 UTC</createdTime>
<ownerDesignName>Modelo_DHW_ProyectoBD2</ownerDesignName>
<nullsAllowed>true</nullsAllowed>
<useDomainConstraints>false</useDomainConstraints>
<use>1</use>
<logicalDatatype>LOGDT007</logicalDatatype>
<ownDataTypeParameters>,,</ownDataTypeParameters>
<autoIncrementCycle>false</autoIncrementCycle>
</Column>
</columns>
<indexes itemClass="oracle.dbtools.crest.model.design.relational.Index">
<ind_PK_UK id="FD1EFEFD-EEFA-8F9A-C27B-D892773F3453" name="TBL_HISTORICO_UBERS_PK">
<createdBy>steph</createdBy>
<createdTime>2024-03-24 05:44:38 UTC</createdTime>
<ownerDesignName>Modelo_DHW_ProyectoBD2</ownerDesignName>
<pk>true</pk>
<indexState>Primary Constraint</indexState>
<isSurrogateKey>false</isSurrogateKey>
<indexColumnUsage>
<colUsage columnID="A0C922C7-8EEF-35AB-707E-5B5BF2F5E9FA"/>
</indexColumnUsage>
</ind_PK_UK>
<ind_PK_UK id="5EB09F46-973B-3BF4-BB9E-9476C29062F8" name="TBL_HI_UB_TBL_C_FK">
<createdBy>steph</createdBy>
<createdTime>2024-03-24 05:44:38 UTC</createdTime>
<ownerDesignName>Modelo_DHW_ProyectoBD2</ownerDesignName>
<indexState>Foreign Key</indexState>
<isSurrogateKey>false</isSurrogateKey>
<indexColumnUsage>
<colUsage columnID="701CADA1-30BD-36DA-E9F1-23C735B138E0"/>
</indexColumnUsage>
</ind_PK_UK>
</indexes>
</Table>
