<?xml version = '1.0' encoding = 'UTF-8'?>
<Table class="oracle.dbtools.crest.model.design.relational.Table" directorySegmentName="seg_0" id="92584426-F8A1-E73B-56DC-9637499A4403" name="TBL_SERVICIOS_ADICIONALES">
<createdBy>steph</createdBy>
<createdTime>2024-02-18 01:13:03 UTC</createdTime>
<ownerDesignName>Modelo_DHW_ProyectoBD2</ownerDesignName>
<ordsAlias>table_20</ordsAlias>
<allowColumnReorder>false</allowColumnReorder>
<existDependencyGenerateInDDl>true</existDependencyGenerateInDDl>
<parsed>true</parsed>
<columns itemClass="oracle.dbtools.crest.model.design.relational.Column">
<Column name="ID_BOLETO_FACTURA" id="CA2CEDCB-5C74-F13A-43CB-2A6CC41F7469">
<createdBy>steph</createdBy>
<createdTime>2024-02-18 01:16:06 UTC</createdTime>
<ownerDesignName>Modelo_DHW_ProyectoBD2</ownerDesignName>
<useDomainConstraints>false</useDomainConstraints>
<use>1</use>
<logicalDatatype>LOGDT019</logicalDatatype>
<ownDataTypeParameters>,,</ownDataTypeParameters>
<previousColumn>false</previousColumn>
<autoIncrementCycle>false</autoIncrementCycle>
<associations>
<colAssociation fkAssociation="5E784ED5-AB9F-378C-2AF5-AEEAC7BEBB61" referredColumn="5BF72E8A-16AC-7BA8-73C6-C951B78A4B27"/>
</associations>
</Column>
<Column name="ID_SERVICIO" id="410D3A39-44F6-CFCC-6AEE-5B0723A280A8">
<createdBy>steph</createdBy>
<createdTime>2024-03-24 03:46:29 UTC</createdTime>
<ownerDesignName>Modelo_DHW_ProyectoBD2</ownerDesignName>
<useDomainConstraints>false</useDomainConstraints>
<use>1</use>
<logicalDatatype>LOGDT019</logicalDatatype>
<ownDataTypeParameters>,,</ownDataTypeParameters>
<previousColumn>false</previousColumn>
<autoIncrementCycle>false</autoIncrementCycle>
<associations>
<colAssociation fkAssociation="EE9C512D-3620-2A18-998B-D7B1E71ED57F" referredColumn="3C1B1071-9DC0-3D83-1C1D-156F8E53FA0C"/>
</associations>
</Column>
</columns>
<indexes itemClass="oracle.dbtools.crest.model.design.relational.Index">
<ind_PK_UK id="99E7AE08-2286-6836-80D4-33A2654F3A97" name="TBL_SER_A_TBL_F_B_FK">
<createdBy>steph</createdBy>
<createdTime>2024-02-18 01:16:06 UTC</createdTime>
<ownerDesignName>Modelo_DHW_ProyectoBD2</ownerDesignName>
<indexState>Foreign Key</indexState>
<isSurrogateKey>false</isSurrogateKey>
<indexColumnUsage>
<colUsage columnID="CA2CEDCB-5C74-F13A-43CB-2A6CC41F7469"/>
</indexColumnUsage>
</ind_PK_UK>
<ind_PK_UK id="2AACCBAA-EDBF-4E8A-36B3-47BA3395B714" name="TBL_SER_A_TBL_S_FK">
<createdBy>steph</createdBy>
<createdTime>2024-03-24 03:46:28 UTC</createdTime>
<ownerDesignName>Modelo_DHW_ProyectoBD2</ownerDesignName>
<indexState>Foreign Key</indexState>
<isSurrogateKey>false</isSurrogateKey>
<indexColumnUsage>
<colUsage columnID="410D3A39-44F6-CFCC-6AEE-5B0723A280A8"/>
</indexColumnUsage>
</ind_PK_UK>
</indexes>
</Table>
