<?xml version = '1.0' encoding = 'UTF-8'?>
<Table class="oracle.dbtools.crest.model.design.relational.Table" directorySegmentName="seg_0" id="9998AA59-0ABD-E1DC-B1A8-7E45D5A426C3" name="TBL_HOTELES">
<createdBy>Usuario</createdBy>
<createdTime>2024-03-24 13:47:45 UTC</createdTime>
<ownerDesignName>Modelo_DHW_ProyectoBD2</ownerDesignName>
<ordsAlias>table_24</ordsAlias>
<abbreviation>HOTELES</abbreviation>
<allowColumnReorder>false</allowColumnReorder>
<existDependencyGenerateInDDl>true</existDependencyGenerateInDDl>
<parsed>true</parsed>
<columns itemClass="oracle.dbtools.crest.model.design.relational.Column">
<Column name="ID_HOTEL" id="CB7390F5-80A5-D348-8A3C-E4089D1A5DFD">
<createdBy>Usuario</createdBy>
<createdTime>2024-03-24 13:49:56 UTC</createdTime>
<ownerDesignName>Modelo_DHW_ProyectoBD2</ownerDesignName>
<useDomainConstraints>false</useDomainConstraints>
<use>1</use>
<logicalDatatype>LOGDT011</logicalDatatype>
<ownDataTypeParameters>,,</ownDataTypeParameters>
<autoIncrementCycle>false</autoIncrementCycle>
</Column>
<Column name="DESCRIPCION" id="5D5AE5E1-574F-D55E-A2D8-D624144B6C35">
<createdBy>Usuario</createdBy>
<createdTime>2024-03-24 13:50:31 UTC</createdTime>
<ownerDesignName>Modelo_DHW_ProyectoBD2</ownerDesignName>
<nullsAllowed>true</nullsAllowed>
<useDomainConstraints>false</useDomainConstraints>
<use>1</use>
<logicalDatatype>LOGDT024</logicalDatatype>
<dataTypeSize>1000</dataTypeSize>
<ownDataTypeParameters>1000,,</ownDataTypeParameters>
<autoIncrementCycle>false</autoIncrementCycle>
</Column>
<Column name="TELEFONO" id="31F68543-A74D-ED4D-8F74-3B2BD9559214">
<createdBy>Usuario</createdBy>
<createdTime>2024-03-24 13:51:05 UTC</createdTime>
<ownerDesignName>Modelo_DHW_ProyectoBD2</ownerDesignName>
<nullsAllowed>true</nullsAllowed>
<useDomainConstraints>false</useDomainConstraints>
<use>1</use>
<logicalDatatype>LOGDT024</logicalDatatype>
<dataTypeSize>20</dataTypeSize>
<ownDataTypeParameters>20,,</ownDataTypeParameters>
<autoIncrementCycle>false</autoIncrementCycle>
</Column>
<Column name="CORREO" id="8BA48B8A-F35D-579D-1ABD-9463C693E931">
<createdBy>Usuario</createdBy>
<createdTime>2024-03-24 13:53:12 UTC</createdTime>
<ownerDesignName>Modelo_DHW_ProyectoBD2</ownerDesignName>
<nullsAllowed>true</nullsAllowed>
<useDomainConstraints>false</useDomainConstraints>
<use>1</use>
<logicalDatatype>LOGDT024</logicalDatatype>
<dataTypeSize>100</dataTypeSize>
<ownDataTypeParameters>100,,</ownDataTypeParameters>
<autoIncrementCycle>false</autoIncrementCycle>
</Column>
<Column name="NOMBRE" id="3659B229-446D-985E-DDC3-CA70129FAFDF">
<createdBy>Usuario</createdBy>
<createdTime>2024-03-24 13:54:19 UTC</createdTime>
<ownerDesignName>Modelo_DHW_ProyectoBD2</ownerDesignName>
<useDomainConstraints>false</useDomainConstraints>
<use>1</use>
<logicalDatatype>LOGDT024</logicalDatatype>
<dataTypeSize>100</dataTypeSize>
<ownDataTypeParameters>100,,</ownDataTypeParameters>
<autoIncrementCycle>false</autoIncrementCycle>
</Column>
<Column name="SITIO_WEB" id="F01FA6E3-050A-056D-831D-0160A7D1FB87">
<createdBy>Usuario</createdBy>
<createdTime>2024-03-24 13:56:20 UTC</createdTime>
<ownerDesignName>Modelo_DHW_ProyectoBD2</ownerDesignName>
<nullsAllowed>true</nullsAllowed>
<useDomainConstraints>false</useDomainConstraints>
<use>1</use>
<logicalDatatype>LOGDT024</logicalDatatype>
<dataTypeSize>100</dataTypeSize>
<ownDataTypeParameters>100,,</ownDataTypeParameters>
<autoIncrementCycle>false</autoIncrementCycle>
</Column>
</columns>
<indexes itemClass="oracle.dbtools.crest.model.design.relational.Index">
<ind_PK_UK id="FFE1E8D0-3A85-BFC5-9CC8-6EF1DFA196A7" name="TBL_HOTELES_PK">
<createdBy>Usuario</createdBy>
<createdTime>2024-03-24 13:49:56 UTC</createdTime>
<ownerDesignName>Modelo_DHW_ProyectoBD2</ownerDesignName>
<pk>true</pk>
<indexState>Primary Constraint</indexState>
<isSurrogateKey>false</isSurrogateKey>
<indexColumnUsage>
<colUsage columnID="CB7390F5-80A5-D348-8A3C-E4089D1A5DFD"/>
</indexColumnUsage>
</ind_PK_UK>
<ind_PK_UK id="92B27B2D-C56E-CD6D-1C9C-F120E089BC5F" name="UQ_CORREO_HOTEL">
<createdBy>Usuario</createdBy>
<createdTime>2024-03-24 13:55:33 UTC</createdTime>
<ownerDesignName>Modelo_DHW_ProyectoBD2</ownerDesignName>
<indexState>Unique Plain Index</indexState>
<isSurrogateKey>false</isSurrogateKey>
<indexColumnUsage>
<colUsage columnID="8BA48B8A-F35D-579D-1ABD-9463C693E931"/>
</indexColumnUsage>
</ind_PK_UK>
</indexes>
</Table>
