<?xml version = '1.0' encoding = 'UTF-8'?>
<Table class="oracle.dbtools.crest.model.design.relational.Table" directorySegmentName="seg_0" id="ED479218-31B7-0787-8501-28676E891B91" name="TBL_COMENTARIOS">
<createdBy>steph</createdBy>
<createdTime>2024-03-24 05:44:38 UTC</createdTime>
<ownerDesignName>Modelo_DHW_ProyectoBD2</ownerDesignName>
<ordsAlias>table_6</ordsAlias>
<allowColumnReorder>false</allowColumnReorder>
<existDependencyGenerateInDDl>true</existDependencyGenerateInDDl>
<parsed>true</parsed>
<columns itemClass="oracle.dbtools.crest.model.design.relational.Column">
<Column name="ID_COMENTARIO" id="7E0FB7AC-239C-DF3E-508B-7A70950C5947">
<createdBy>steph</createdBy>
<createdTime>2024-03-24 05:44:38 UTC</createdTime>
<ownerDesignName>Modelo_DHW_ProyectoBD2</ownerDesignName>
<useDomainConstraints>false</useDomainConstraints>
<use>1</use>
<logicalDatatype>LOGDT024</logicalDatatype>
<dataTypeSize>24</dataTypeSize>
<ownDataTypeParameters>24,,</ownDataTypeParameters>
<autoIncrementCycle>false</autoIncrementCycle>
</Column>
<Column name="ID_CARRERA" id="45E5F7DD-F988-B3D7-2CD0-58E1371C7C94">
<createdBy>steph</createdBy>
<createdTime>2024-03-24 05:44:38 UTC</createdTime>
<ownerDesignName>Modelo_DHW_ProyectoBD2</ownerDesignName>
<useDomainConstraints>false</useDomainConstraints>
<use>1</use>
<logicalDatatype>LOGDT024</logicalDatatype>
<dataTypeSize>24</dataTypeSize>
<ownDataTypeParameters>24,,</ownDataTypeParameters>
<previousColumn>false</previousColumn>
<autoIncrementCycle>false</autoIncrementCycle>
<associations>
<colAssociation fkAssociation="CA11BDAC-5831-6B86-88F2-5FA6086B92B6" referredColumn="C69DC8DE-6E04-4427-83A1-C8DB169B0378"/>
</associations>
</Column>
<Column name="COMENTARIO" id="D113FD8C-B74C-3B4C-8E7D-F6AA5C03F055">
<createdBy>steph</createdBy>
<createdTime>2024-03-24 05:44:38 UTC</createdTime>
<ownerDesignName>Modelo_DHW_ProyectoBD2</ownerDesignName>
<nullsAllowed>true</nullsAllowed>
<useDomainConstraints>false</useDomainConstraints>
<use>1</use>
<logicalDatatype>LOGDT024</logicalDatatype>
<dataTypeSize>500</dataTypeSize>
<ownDataTypeParameters>500,,</ownDataTypeParameters>
<autoIncrementCycle>false</autoIncrementCycle>
</Column>
<Column name="PUNTUACION" id="82682E93-467C-B6B1-5A13-3BF1C68F0657">
<createdBy>steph</createdBy>
<createdTime>2024-03-24 05:44:38 UTC</createdTime>
<ownerDesignName>Modelo_DHW_ProyectoBD2</ownerDesignName>
<nullsAllowed>true</nullsAllowed>
<useDomainConstraints>false</useDomainConstraints>
<use>1</use>
<logicalDatatype>LOGDT011</logicalDatatype>
<ownDataTypeParameters>,,</ownDataTypeParameters>
<autoIncrementCycle>false</autoIncrementCycle>
</Column>
<Column name="FECHA" id="2D8F7FFE-193F-CEEF-8B6D-8CB6147FB3F5">
<createdBy>steph</createdBy>
<createdTime>2024-03-24 05:44:38 UTC</createdTime>
<ownerDesignName>Modelo_DHW_ProyectoBD2</ownerDesignName>
<nullsAllowed>true</nullsAllowed>
<useDomainConstraints>false</useDomainConstraints>
<use>1</use>
<logicalDatatype>LOGDT007</logicalDatatype>
<ownDataTypeParameters>,,</ownDataTypeParameters>
<autoIncrementCycle>false</autoIncrementCycle>
</Column>
</columns>
<indexes itemClass="oracle.dbtools.crest.model.design.relational.Index">
<ind_PK_UK id="AAF7BF8E-0781-1C0D-8281-5A8893AD9941" name="TBL_COMENTARIOS_PK">
<createdBy>steph</createdBy>
<createdTime>2024-03-24 05:44:38 UTC</createdTime>
<ownerDesignName>Modelo_DHW_ProyectoBD2</ownerDesignName>
<pk>true</pk>
<indexState>Primary Constraint</indexState>
<isSurrogateKey>false</isSurrogateKey>
<indexColumnUsage>
<colUsage columnID="7E0FB7AC-239C-DF3E-508B-7A70950C5947"/>
</indexColumnUsage>
</ind_PK_UK>
<ind_PK_UK id="37EA7E22-0A74-8DE7-6183-7179F13D19EC" name="TBL_COM_TBL_C_FK">
<createdBy>steph</createdBy>
<createdTime>2024-03-24 05:44:38 UTC</createdTime>
<ownerDesignName>Modelo_DHW_ProyectoBD2</ownerDesignName>
<indexState>Foreign Key</indexState>
<isSurrogateKey>false</isSurrogateKey>
<indexColumnUsage>
<colUsage columnID="45E5F7DD-F988-B3D7-2CD0-58E1371C7C94"/>
</indexColumnUsage>
</ind_PK_UK>
</indexes>
</Table>
