-- Insertar datos en la tabla aerolinea
    INSERT INTO tbl_aerolineas ( id_aerolinea ,aerolinea) VALUES (1, 'Air F.M');
    INSERT INTO tbl_aerolineas ( id_aerolinea ,aerolinea) VALUES (2, 'Claus Airlines');
    INSERT INTO tbl_aerolineas ( id_aerolinea ,aerolinea) VALUES (3, 'Delta Air');
    INSERT INTO tbl_aerolineas ( id_aerolinea ,aerolinea) VALUES (4, 'Blue Airlines');
    INSERT INTO tbl_aerolineas ( id_aerolinea ,aerolinea) VALUES (5, 'Lufthansa');
    INSERT INTO tbl_aerolineas ( id_aerolinea ,aerolinea) VALUES (6, 'World Airways');
    INSERT INTO tbl_aerolineas ( id_aerolinea ,aerolinea) VALUES (7, 'Air Clear');
    INSERT INTO tbl_aerolineas ( id_aerolinea ,aerolinea) VALUES (8, 'KLM Royal');
    INSERT INTO tbl_aerolineas ( id_aerolinea ,aerolinea) VALUES (9, 'Air T.O.M');
    INSERT INTO tbl_aerolineas ( id_aerolinea ,aerolinea) VALUES (10, 'Airline123');

-- Insertar datos en la tabla AEROPUERTOS
insert into TBL_AEROPUERTOS (ID_AEROPUERTO, AEROPUERTO) values (1, 'Bella Bella/Shearwater Seaplane Base');
insert into TBL_AEROPUERTOS (ID_AEROPUERTO, AEROPUERTO) values (2, 'Stevens Village Airport');
insert into TBL_AEROPUERTOS (ID_AEROPUERTO, AEROPUERTO) values (3, 'Kishangarh Airport');
insert into TBL_AEROPUERTOS (ID_AEROPUERTO, AEROPUERTO) values (4, 'Elfin Cove Seaplane Base');
insert into TBL_AEROPUERTOS (ID_AEROPUERTO, AEROPUERTO) values (5, 'Harris County Airport');
insert into TBL_AEROPUERTOS (ID_AEROPUERTO, AEROPUERTO) values (6, 'Webster City Municipal Airport');
insert into TBL_AEROPUERTOS (ID_AEROPUERTO, AEROPUERTO) values (7, 'Leite Lopes Airport');
insert into TBL_AEROPUERTOS (ID_AEROPUERTO, AEROPUERTO) values (8, 'Nuku Hiva Airport');
insert into TBL_AEROPUERTOS (ID_AEROPUERTO, AEROPUERTO) values (9, 'Congo Town Airport');
insert into TBL_AEROPUERTOS (ID_AEROPUERTO, AEROPUERTO) values (10, 'Dubai Creek SPB');
insert into TBL_AEROPUERTOS (ID_AEROPUERTO, AEROPUERTO) values (11, 'Kraków John Paul II International Airport');
insert into TBL_AEROPUERTOS (ID_AEROPUERTO, AEROPUERTO) values (12, 'Mukah Airport');
insert into TBL_AEROPUERTOS (ID_AEROPUERTO, AEROPUERTO) values (13, 'Rodríguez Ballón International Airport');
insert into TBL_AEROPUERTOS (ID_AEROPUERTO, AEROPUERTO) values (14, 'USAF Academy Airfield');
insert into TBL_AEROPUERTOS (ID_AEROPUERTO, AEROPUERTO) values (15, 'Laughlin Bullhead International Airport');
insert into TBL_AEROPUERTOS (ID_AEROPUERTO, AEROPUERTO) values (16, 'Mabaruma Airport');
insert into TBL_AEROPUERTOS (ID_AEROPUERTO, AEROPUERTO) values (17, 'Cutral-Co Airport');
insert into TBL_AEROPUERTOS (ID_AEROPUERTO, AEROPUERTO) values (18, 'St Louis Regional Airport');
insert into TBL_AEROPUERTOS (ID_AEROPUERTO, AEROPUERTO) values (19, 'Kassala Airport');
insert into TBL_AEROPUERTOS (ID_AEROPUERTO, AEROPUERTO) values (20, 'St Pierre Airport');
insert into TBL_AEROPUERTOS (ID_AEROPUERTO, AEROPUERTO) values (21, 'Lehigh Valley International Airport');
insert into TBL_AEROPUERTOS (ID_AEROPUERTO, AEROPUERTO) values (22, 'Chos Malal Airport');
insert into TBL_AEROPUERTOS (ID_AEROPUERTO, AEROPUERTO) values (23, 'April River Airport');
insert into TBL_AEROPUERTOS (ID_AEROPUERTO, AEROPUERTO) values (24, 'Modesto City Co-Harry Sham Field');
insert into TBL_AEROPUERTOS (ID_AEROPUERTO, AEROPUERTO) values (25, 'California Redwood Coast-Humboldt County Airport');
insert into TBL_AEROPUERTOS (ID_AEROPUERTO, AEROPUERTO) values (26, 'Virginia Highlands Airport');
insert into TBL_AEROPUERTOS (ID_AEROPUERTO, AEROPUERTO) values (27, 'Mampikony Airport');
insert into TBL_AEROPUERTOS (ID_AEROPUERTO, AEROPUERTO) values (28, 'Teniente Av. Jorge Henrich Arauz Airport');
insert into TBL_AEROPUERTOS (ID_AEROPUERTO, AEROPUERTO) values (29, 'Shanghai Pudong International Airport');
insert into TBL_AEROPUERTOS (ID_AEROPUERTO, AEROPUERTO) values (30, 'Luang Namtha Airport');

--INSERTAR MODELO AVIONES
INSERT INTO tbl_modelos_aviones (id_modelo, modelo) VALUES (1, 'Boeing 737');
INSERT INTO tbl_modelos_aviones (id_modelo, modelo) VALUES (2, 'Airbus A320');
INSERT INTO tbl_modelos_aviones (id_modelo, modelo) VALUES (3, 'Boeing 747');
INSERT INTO tbl_modelos_aviones (id_modelo, modelo) VALUES (4, 'Airbus A380');
INSERT INTO tbl_modelos_aviones (id_modelo, modelo) VALUES (5, 'Boeing 777');
INSERT INTO tbl_modelos_aviones (id_modelo, modelo) VALUES (6, 'Airbus A330');
INSERT INTO tbl_modelos_aviones (id_modelo, modelo) VALUES (7, 'Embraer E190');
INSERT INTO tbl_modelos_aviones (id_modelo, modelo) VALUES (8, 'Bombardier CRJ900');
INSERT INTO tbl_modelos_aviones (id_modelo, modelo) VALUES (9, 'Boeing 787');
INSERT INTO tbl_modelos_aviones (id_modelo, modelo) VALUES (10, 'Airbus A350');
INSERT INTO tbl_modelos_aviones (id_modelo, modelo) VALUES (11, 'Cessna 172');
INSERT INTO tbl_modelos_aviones (id_modelo, modelo) VALUES (12, 'Gulfstream G650');
INSERT INTO tbl_modelos_aviones (id_modelo, modelo) VALUES (13, 'Lockheed C-130 Hercules');
INSERT INTO tbl_modelos_aviones (id_modelo, modelo) VALUES (14, 'Boeing 767');
INSERT INTO tbl_modelos_aviones (id_modelo, modelo) VALUES (15, 'McDonnell Douglas MD-80');

--INSERTAR AVIONES
insert into TBL_AVIONES (id_avion, id_aerolinea, id_modelo, capacidad_pasajeros) values (1, 3, 2, 90);
insert into TBL_AVIONES (id_avion, id_aerolinea, id_modelo, capacidad_pasajeros) values (2, 4, 10, 180);
insert into TBL_AVIONES (id_avion, id_aerolinea, id_modelo, capacidad_pasajeros) values (3, 1, 10, 270);
insert into TBL_AVIONES (id_avion, id_aerolinea, id_modelo, capacidad_pasajeros) values (4, 1, 8, 90);
insert into TBL_AVIONES (id_avion, id_aerolinea, id_modelo, capacidad_pasajeros) values (5, 6, 2, 180);
insert into TBL_AVIONES (id_avion, id_aerolinea, id_modelo, capacidad_pasajeros) values (6, 5, 10, 270);
insert into TBL_AVIONES (id_avion, id_aerolinea, id_modelo, capacidad_pasajeros) values (7, 8, 5, 90);
insert into TBL_AVIONES (id_avion, id_aerolinea, id_modelo, capacidad_pasajeros) values (8, 5, 7, 180);
insert into TBL_AVIONES (id_avion, id_aerolinea, id_modelo, capacidad_pasajeros) values (9, 4, 3, 270);
insert into TBL_AVIONES (id_avion, id_aerolinea, id_modelo, capacidad_pasajeros) values (10, 8, 3, 90);
insert into TBL_AVIONES (id_avion, id_aerolinea, id_modelo, capacidad_pasajeros) values (11, 3, 3, 180);
insert into TBL_AVIONES (id_avion, id_aerolinea, id_modelo, capacidad_pasajeros) values (12, 10, 2, 270);
insert into TBL_AVIONES (id_avion, id_aerolinea, id_modelo, capacidad_pasajeros) values (13, 1, 4, 90);
insert into TBL_AVIONES (id_avion, id_aerolinea, id_modelo, capacidad_pasajeros) values (14, 1, 1, 180);
insert into TBL_AVIONES (id_avion, id_aerolinea, id_modelo, capacidad_pasajeros) values (15, 6, 10, 270);


-- Insertar tipos de asientos en la tabla tipo asiento
    INSERT INTO  tbl_tipo_asiento (id_tipo_asiento, tipo_asiento, precio_base) VALUES (1, 'Primera Clase', 800.00);
    INSERT INTO  tbl_tipo_asiento (id_tipo_asiento, tipo_asiento, precio_base) VALUES (2, 'Ejecutivo', 450.00);
    INSERT INTO  tbl_tipo_asiento (id_tipo_asiento, tipo_asiento, precio_base) VALUES (3, 'Normal', 100.00);

---INSERTAR ESTADOS EQUIPAJE
INSERT INTO tbl_estados_equipaje (id_estado, estado) VALUES (1, 'Entregado');
INSERT INTO tbl_estados_equipaje (id_estado, estado) VALUES (2, 'Perdido');
INSERT INTO tbl_estados_equipaje (id_estado, estado) VALUES (3, 'En vuelo');

--INSERTAR METODOS DE PAGO
INSERT INTO tbl_metodo_pago (id_metodo_pago, metodo_pago) VALUES (1, 'Efectivo');
INSERT INTO tbl_metodo_pago (id_metodo_pago, metodo_pago) VALUES (2, 'Tarjeta');

--INSERTAR TIPOS EQUIPAJE
insert into TBL_TIPOS_EQUIPAJE (id_tipo_equipaje, tipo_equipaje, peso, costo) values (1, 'Equipaje de mano', 160, 317);
insert into TBL_TIPOS_EQUIPAJE (id_tipo_equipaje, tipo_equipaje, peso, costo) values (2, 'Equipaje facturado', 380, 771);
insert into TBL_TIPOS_EQUIPAJE (id_tipo_equipaje, tipo_equipaje, peso, costo) values (3, 'Equipaje especial', 688, 2064);
insert into TBL_TIPOS_EQUIPAJE (id_tipo_equipaje, tipo_equipaje, peso, costo) values (4, 'Equipaje de carga', 7744, 3150);

--INSERTAR TIPOS DE SERVICIOS ADICIONALES
INSERT INTO tbl_servicios_adicionales (id_servicio_adicional, servicio, precio) VALUES ('A1', 'Asiento preferencial', 20);
INSERT INTO tbl_servicios_adicionales (id_servicio_adicional, servicio, precio) VALUES ('A2', 'Selección de asiento estándar', 10);
INSERT INTO tbl_servicios_adicionales (id_servicio_adicional, servicio, precio) VALUES ('A3', 'Upgrade de clase', 200);
INSERT INTO tbl_servicios_adicionales (id_servicio_adicional, servicio, precio) VALUES ('A4', 'Acceso a sala VIP', 50);
INSERT INTO tbl_servicios_adicionales (id_servicio_adicional, servicio, precio) VALUES ('A5', 'Embarque prioritario', 15);
INSERT INTO tbl_servicios_adicionales (id_servicio_adicional, servicio, precio) VALUES ('A6', 'Equipaje adicional', 30);
INSERT INTO tbl_servicios_adicionales (id_servicio_adicional, servicio, precio) VALUES ('A7', 'Comida gourmet a bordo', 25);
INSERT INTO tbl_servicios_adicionales (id_servicio_adicional, servicio, precio) VALUES ('A8', 'Entretenimiento a bordo', 10);
INSERT INTO tbl_servicios_adicionales (id_servicio_adicional, servicio, precio) VALUES ('A9', 'Conexión Wi-Fi', 15);
INSERT INTO tbl_servicios_adicionales (id_servicio_adicional, servicio, precio) VALUES ('A10', 'Kits de comodidad (mantas, almohadas)', 12);
INSERT INTO tbl_servicios_adicionales (id_servicio_adicional, servicio, precio) VALUES ('A11', 'Transporte terrestre desde el aeropuerto', 30);
INSERT INTO tbl_servicios_adicionales (id_servicio_adicional, servicio, precio) VALUES ('A12', 'Alquiler de automóviles', 40);
INSERT INTO tbl_servicios_adicionales (id_servicio_adicional, servicio, precio) VALUES ('A13', 'Servicio de limusina', 100);
INSERT INTO tbl_servicios_adicionales (id_servicio_adicional, servicio, precio) VALUES ('A14', 'Reserva de hotel', 20);
INSERT INTO tbl_servicios_adicionales (id_servicio_adicional, servicio, precio) VALUES ('A15', 'Traslado al hotel', 25);
INSERT INTO tbl_servicios_adicionales (id_servicio_adicional, servicio, precio) VALUES ('A16', 'Servicios de cuidado de mascotas', 35);
INSERT INTO tbl_servicios_adicionales (id_servicio_adicional, servicio, precio) VALUES ('A17', 'Asistencia en tierra para personas con movilidad reducida', 0);
INSERT INTO tbl_servicios_adicionales (id_servicio_adicional, servicio, precio) VALUES ('A18', 'Reserva de tours locales', 50);
INSERT INTO tbl_servicios_adicionales (id_servicio_adicional, servicio, precio) VALUES ('A19', 'Servicio de transporte de equipaje', 20);
INSERT INTO tbl_servicios_adicionales (id_servicio_adicional, servicio, precio) VALUES ('A20', 'Seguro de viaje', 40);
INSERT INTO tbl_servicios_adicionales (id_servicio_adicional, servicio, precio) VALUES ('A21', 'Servicio de spa en aeropuerto', 35);
INSERT INTO tbl_servicios_adicionales (id_servicio_adicional, servicio, precio) VALUES ('A22', 'Servicio de personal shopper en aeropuerto', 30);
INSERT INTO tbl_servicios_adicionales (id_servicio_adicional, servicio, precio) VALUES ('A23', 'Reserva de entradas para eventos', 25);
INSERT INTO tbl_servicios_adicionales (id_servicio_adicional, servicio, precio) VALUES ('A24', 'Entrega de equipaje a domicilio', 50);
INSERT INTO tbl_servicios_adicionales (id_servicio_adicional, servicio, precio) VALUES ('A25', 'Almacenamiento temporal de equipaje', 15);
INSERT INTO tbl_servicios_adicionales (id_servicio_adicional, servicio, precio) VALUES ('A26', 'Servicio de recogida en el aeropuerto', 25);
INSERT INTO tbl_servicios_adicionales (id_servicio_adicional, servicio, precio) VALUES ('A27', 'Servicio de envío de documentos', 20);
INSERT INTO tbl_servicios_adicionales (id_servicio_adicional, servicio, precio) VALUES ('A28', 'Compra libre de impuestos en el aeropuerto', 0);
INSERT INTO tbl_servicios_adicionales (id_servicio_adicional, servicio, precio) VALUES ('A29', 'Reserva de asistencia para niños', 20);
INSERT INTO tbl_servicios_adicionales (id_servicio_adicional, servicio, precio) VALUES ('A30', 'Servicio de asesoramiento de viaje', 15);


--INSERTAR GENEROS
INSERT INTO tbl_generos (id_genero, genero) VALUES (1, 'Femenino');
INSERT INTO tbl_generos (id_genero, genero) VALUES (2, 'Masculino');

--insertar tipos de empleados
INSERT INTO tbl_tipos_empleados (id_tipo_empleado, tipo_empleado, salario_min, salario_maximo) VALUES (1, 'Piloto', 50000, 200000);
INSERT INTO tbl_tipos_empleados (id_tipo_empleado, tipo_empleado, salario_min, salario_maximo) VALUES (2, 'Copiloto', 40000, 150000);
INSERT INTO tbl_tipos_empleados (id_tipo_empleado, tipo_empleado, salario_min, salario_maximo) VALUES (3, 'Auxiliar de vuelo', 25000, 80000);
INSERT INTO tbl_tipos_empleados (id_tipo_empleado, tipo_empleado, salario_min, salario_maximo) VALUES (4, 'Personal de tierra (atención al cliente)', 20000, 60000);
INSERT INTO tbl_tipos_empleados (id_tipo_empleado, tipo_empleado, salario_min, salario_maximo) VALUES (5, 'Personal de mantenimiento de aeronaves', 30000, 100000);
INSERT INTO tbl_tipos_empleados (id_tipo_empleado, tipo_empleado, salario_min, salario_maximo) VALUES (6, 'Personal de carga y descarga', 20000, 60000);
INSERT INTO tbl_tipos_empleados (id_tipo_empleado, tipo_empleado, salario_min, salario_maximo) VALUES (7, 'Personal de seguridad en aeropuertos', 25000, 70000);
INSERT INTO tbl_tipos_empleados (id_tipo_empleado, tipo_empleado, salario_min, salario_maximo) VALUES (8, 'Personal de check-in y embarque', 20000, 60000);
INSERT INTO tbl_tipos_empleados (id_tipo_empleado, tipo_empleado, salario_min, salario_maximo) VALUES (9, 'Personal de gestión de equipajes perdidos', 22000, 65000);
INSERT INTO tbl_tipos_empleados (id_tipo_empleado, tipo_empleado, salario_min, salario_maximo) VALUES (10, 'Personal administrativo y de oficina', 25000, 80000);

---INSERTAR PERSONAS
INSERT INTO tbl_personas (id_persona, id_genero, nombre, apellido, correo_electronico, telefono, contrasena) VALUES (1, 1, 'Juan', 'Martínez', 'juan_martinez@gmail.com', '+1234567890', 'contraseña1');
INSERT INTO tbl_personas (id_persona, id_genero, nombre, apellido, correo_electronico, telefono, contrasena) VALUES (2, 2, 'María', 'García', 'maria_garcia@gmail.com', '+1987654321', 'contraseña2');
INSERT INTO tbl_personas (id_persona, id_genero, nombre, apellido, correo_electronico, telefono, contrasena) VALUES (3, 1, 'Carlos', 'López', 'carlos_lopez@gmail.com', '+1555123456', 'contraseña3');
INSERT INTO tbl_personas (id_persona, id_genero, nombre, apellido, correo_electronico, telefono, contrasena) VALUES (4, 2, 'Tommy', 'Matamoros', 'tommy_matamoros@gmail.com', '+1222333444', 'contraseña4');
INSERT INTO tbl_personas (id_persona, id_genero, nombre, apellido, correo_electronico, telefono, contrasena) VALUES (5, 1, 'Ana', 'Díaz', 'ana.diaz@gmail_com', '+1444555666', 'contraseña5');
INSERT INTO tbl_personas (id_persona, id_genero, nombre, apellido, correo_electronico, telefono, contrasena) VALUES (6, 2, 'Pedro', 'Pérez', 'pedro_perez@gmail.com', '+1999888777', 'contraseña6');
INSERT INTO tbl_personas (id_persona, id_genero, nombre, apellido, correo_electronico, telefono, contrasena) VALUES (7, 1, 'Sofía', 'Rodríguez', 'sofia_rodriguez@gmail.com', '+1333777888', 'contraseña7');
INSERT INTO tbl_personas (id_persona, id_genero, nombre, apellido, correo_electronico, telefono, contrasena) VALUES (8, 2, 'Daniel', 'Gómez', 'daniel_gomez@gmail.com', '+1666999888', 'contraseña8');
INSERT INTO tbl_personas (id_persona, id_genero, nombre, apellido, correo_electronico, telefono, contrasena) VALUES (9, 1, 'Marta', 'Sánchez', 'marta_sanchez@gmail.com', '+1888999777', 'contraseña9');
INSERT INTO tbl_personas (id_persona, id_genero, nombre, apellido, correo_electronico, telefono, contrasena) VALUES (10, 2, 'Alejandro', 'Fernández', 'alejandro_fernandez@gmail.com', '+1111222333', 'contraseña10');
INSERT INTO tbl_personas (id_persona, id_genero, nombre, apellido, correo_electronico, telefono, contrasena) VALUES (11, 1, 'Sofía', 'Martínez', 'sofia_martinez@gmail.com', '+1222333444', 'contraseña11');
INSERT INTO tbl_personas (id_persona, id_genero, nombre, apellido, correo_electronico, telefono, contrasena) VALUES (12, 2, 'Lucía', 'García', 'lucia_garcia@gmail.com', '+1333444555', 'contraseña12');
INSERT INTO tbl_personas (id_persona, id_genero, nombre, apellido, correo_electronico, telefono, contrasena) VALUES (13, 1, 'Mateo', 'Rodríguez', 'mateo_rodriguez@gmail.com', '+1444555666', 'contraseña13');
INSERT INTO tbl_personas (id_persona, id_genero, nombre, apellido, correo_electronico, telefono, contrasena) VALUES (14, 2, 'Valentina', 'López', 'valentina_lopez@gmail.com', '+1555666777', 'contraseña14');
INSERT INTO tbl_personas (id_persona, id_genero, nombre, apellido, correo_electronico, telefono, contrasena) VALUES (15, 1, 'Diego', 'Pérez', 'diego_perez@gmail.com', '+1666777888', 'contraseña15');
INSERT INTO tbl_personas (id_persona, id_genero, nombre, apellido, correo_electronico, telefono, contrasena) VALUES (16, 2, 'Santiago', 'Sánchez', 'santiago_sanchez@gmail.com', '+1777888999', 'contraseña16');
INSERT INTO tbl_personas (id_persona, id_genero, nombre, apellido, correo_electronico, telefono, contrasena) VALUES (17, 1, 'Emma', 'Gómez', 'emma_gomez@gmail.com', '+1888999000', 'contraseña17');
INSERT INTO tbl_personas (id_persona, id_genero, nombre, apellido, correo_electronico, telefono, contrasena) VALUES (18, 2, 'Mía', 'Díaz', 'mia_diaz@gmail.com', '+1999000111', 'contraseña18');
INSERT INTO tbl_personas (id_persona, id_genero, nombre, apellido, correo_electronico, telefono, contrasena) VALUES (19, 1, 'Daniel', 'Muñoz', 'daniel_munoz@gmail.com', '+2000111222', 'contraseña19');
INSERT INTO tbl_personas (id_persona, id_genero, nombre, apellido, correo_electronico, telefono, contrasena) VALUES (20, 2, 'Isabella', 'Vázquez', 'isabella_vazquez@gmail.com', '+2111222333', 'contraseña20');
INSERT INTO tbl_personas (id_persona, id_genero, nombre, apellido, correo_electronico, telefono, contrasena) VALUES (21, 2, 'Samuel', 'Ramírez', 'samuel_ramirez@gmail.com', '+2222333444', 'contraseña21');
INSERT INTO tbl_personas (id_persona, id_genero, nombre, apellido, correo_electronico, telefono, contrasena) VALUES (22, 1, 'Martina', 'Torres', 'martina_torres@gmail.com', '+2333444555', 'contraseña22');
INSERT INTO tbl_personas (id_persona, id_genero, nombre, apellido, correo_electronico, telefono, contrasena) VALUES (23, 2, 'Juan', 'González', 'juan_gonzalez@gmail.com', '+2444555666', 'contraseña23');

--INSERTAR EMPLEADOS
INSERT INTO tbl_empleados (id_empleado, id_tipo_empleado) VALUES (1, 1); -- Piloto
INSERT INTO tbl_empleados (id_empleado, id_tipo_empleado) VALUES (2, 2); -- Copiloto
INSERT INTO tbl_empleados (id_empleado, id_tipo_empleado) VALUES (3, 3); -- Auxiliar de vuelo

--INSERTAR CLIENTES
INSERT INTO tbl_clientes ( id_cliente, fecha_registro) VALUES ( 4, TO_DATE('08/10/2010', 'dd/mm/yyyy'));
INSERT INTO tbl_clientes ( id_cliente, fecha_registro) VALUES ( 5, TO_DATE('20/11/2011', 'dd/mm/yyyy'));
INSERT INTO tbl_clientes ( id_cliente, fecha_registro) VALUES ( 6, TO_DATE('05/02/2012', 'dd/mm/yyyy'));
INSERT INTO tbl_clientes ( id_cliente, fecha_registro) VALUES ( 7, TO_DATE('20/05/2013', 'dd/mm/yyyy'));
INSERT INTO tbl_clientes ( id_cliente, fecha_registro) VALUES ( 8, TO_DATE('28/12/2014', 'dd/mm/yyyy'));
INSERT INTO tbl_clientes ( id_cliente, fecha_registro) VALUES ( 9, TO_DATE('13/04/2015', 'dd/mm/yyyy'));
INSERT INTO tbl_clientes ( id_cliente, fecha_registro) VALUES ( 10, TO_DATE('08/04/2016', 'dd/mm/yyyy'));
INSERT INTO tbl_clientes ( id_cliente, fecha_registro) VALUES ( 11, TO_DATE('11/05/2017', 'dd/mm/yyyy'));
INSERT INTO tbl_clientes ( id_cliente, fecha_registro) VALUES ( 12, TO_DATE('17/06/2018', 'dd/mm/yyyy'));
INSERT INTO tbl_clientes ( id_cliente, fecha_registro) VALUES ( 13, TO_DATE('24/07/2019', 'dd/mm/yyyy'));
INSERT INTO tbl_clientes ( id_cliente, fecha_registro) VALUES ( 14, TO_DATE('28/08/2020', 'dd/mm/yyyy'));
INSERT INTO tbl_clientes ( id_cliente, fecha_registro) VALUES ( 15, TO_DATE('10/09/2021', 'dd/mm/yyyy'));
INSERT INTO tbl_clientes ( id_cliente, fecha_registro) VALUES ( 16, TO_DATE('06/10/2022', 'dd/mm/yyyy'));
INSERT INTO tbl_clientes ( id_cliente, fecha_registro) VALUES ( 17, TO_DATE('04/11/2023', 'dd/mm/yyyy'));
INSERT INTO tbl_clientes ( id_cliente, fecha_registro) VALUES ( 18, TO_DATE('22/12/2024', 'dd/mm/yyyy'));
INSERT INTO tbl_clientes ( id_cliente, fecha_registro) VALUES ( 19, TO_DATE('24/01/2015', 'dd/mm/yyyy'));
INSERT INTO tbl_clientes ( id_cliente, fecha_registro) VALUES ( 20, TO_DATE('16/02/2016', 'dd/mm/yyyy'));
INSERT INTO tbl_clientes ( id_cliente, fecha_registro) VALUES ( 21, TO_DATE('05/03/2017', 'dd/mm/yyyy'));
INSERT INTO tbl_clientes ( id_cliente, fecha_registro) VALUES ( 22, TO_DATE('03/04/2018', 'dd/mm/yyyy'));
INSERT INTO tbl_clientes ( id_cliente, fecha_registro) VALUES ( 23, TO_DATE('27/05/2019', 'dd/mm/yyyy'));

--INSERTAR TIPOS DE VUELOS 
INSERT INTO tbl_tipos_vuelos ( id_tipo_vuelo, tipo_vuelo) VALUES ( 1, 'Nacional');
INSERT INTO tbl_tipos_vuelos ( id_tipo_vuelo, tipo_vuelo) VALUES ( 2, 'Internacional');

---INSERTAR OFERTAS DE VUELO
INSERT INTO tbl_ofertas_vuelo (id_oferta, descuento, fecha_inicio, fecha_fin) VALUES (1, 15, TO_DATE('01/01/2024', 'dd/mm/yyyy'), TO_DATE('15/05/2024', 'dd/mm/yyyy'));
INSERT INTO tbl_ofertas_vuelo (id_oferta, descuento, fecha_inicio, fecha_fin) VALUES (2, 20, TO_DATE('10/06/2024', 'dd/mm/yyyy'), TO_DATE('30/06/2024', 'dd/mm/yyyy'));
INSERT INTO tbl_ofertas_vuelo (id_oferta, descuento, fecha_inicio, fecha_fin) VALUES (3, 10, TO_DATE('05/07/2024', 'dd/mm/yyyy'), TO_DATE('20/07/2024', 'dd/mm/yyyy'));
INSERT INTO tbl_ofertas_vuelo (id_oferta, descuento, fecha_inicio, fecha_fin) VALUES (4, 25, TO_DATE('15/08/2024', 'dd/mm/yyyy'), TO_DATE('05/09/2024', 'dd/mm/yyyy'));
INSERT INTO tbl_ofertas_vuelo (id_oferta, descuento, fecha_inicio, fecha_fin) VALUES (5, 30, TO_DATE('01/10/2024', 'dd/mm/yyyy'), TO_DATE('15/10/2024', 'dd/mm/yyyy'));
INSERT INTO tbl_ofertas_vuelo (id_oferta, descuento, fecha_inicio, fecha_fin) VALUES (6, 15, TO_DATE('10/11/2024', 'dd/mm/yyyy'), TO_DATE('30/11/2024', 'dd/mm/yyyy'));
INSERT INTO tbl_ofertas_vuelo (id_oferta, descuento, fecha_inicio, fecha_fin) VALUES (7, 20, TO_DATE('05/12/2024', 'dd/mm/yyyy'), TO_DATE('05/01/2025', 'dd/mm/yyyy'));
INSERT INTO tbl_ofertas_vuelo (id_oferta, descuento, fecha_inicio, fecha_fin) VALUES (8, 10, TO_DATE('01/02/2025', 'dd/mm/yyyy'), TO_DATE('28/02/2025', 'dd/mm/yyyy'));
INSERT INTO tbl_ofertas_vuelo (id_oferta, descuento, fecha_inicio, fecha_fin) VALUES (9, 25, TO_DATE('10/03/2025', 'dd/mm/yyyy'), TO_DATE('31/03/2025', 'dd/mm/yyyy'));
INSERT INTO tbl_ofertas_vuelo (id_oferta, descuento, fecha_inicio, fecha_fin) VALUES (10, 30, TO_DATE('04/05/2025', 'dd/mm/yyyy'), TO_DATE('20/04/2025', 'dd/mm/yyyy'));

--INSERTAR TIPOS LUGARES
INSERT INTO tbl_tipo_lugar (id_tipo_lugar, tipo_lugar) VALUES (1, 'Pais');
INSERT INTO tbl_tipo_lugar (id_tipo_lugar, tipo_lugar) VALUES (2, 'Departamento');
INSERT INTO tbl_tipo_lugar (id_tipo_lugar, tipo_lugar) VALUES (3, 'Ciudad');

--INSERTAR EN LUGARES
INSERT INTO TBL_LUGARES (id_lugar, id_lugar_padre, id_tipo_lugar, lugar, zip) VALUES (1, NULL, 1, 'Honduras', 56768);
INSERT INTO TBL_LUGARES (id_lugar, id_lugar_padre, id_tipo_lugar, lugar, zip) VALUES (2, NULL, 1, 'Guatemala', 75001);
INSERT INTO TBL_LUGARES (id_lugar, id_lugar_padre, id_tipo_lugar, lugar, zip) VALUES (3, NULL, 1, 'El Salvador', 56768);

INSERT INTO TBL_LUGARES (id_lugar, id_lugar_padre, id_tipo_lugar, lugar, zip) VALUES (4, NULL, 1, 'Estados Unidos', 90210);
INSERT INTO TBL_LUGARES (id_lugar, id_lugar_padre, id_tipo_lugar, lugar, zip) VALUES (5, NULL, 1, 'Francia', 75578);
INSERT INTO TBL_LUGARES (id_lugar, id_lugar_padre, id_tipo_lugar, lugar, zip) VALUES (6, NULL, 1, 'Reino Unido', 56768);
INSERT INTO TBL_LUGARES (id_lugar, id_lugar_padre, id_tipo_lugar, lugar, zip) VALUES (7, NULL, 1, 'Japón', 56768);
INSERT INTO TBL_LUGARES (id_lugar, id_lugar_padre, id_tipo_lugar, lugar, zip) VALUES (8, NULL, 1, 'Ucrania', 75001);
INSERT INTO TBL_LUGARES (id_lugar, id_lugar_padre, id_tipo_lugar, lugar, zip) VALUES (9, NULL, 1, 'China', 56768);
INSERT INTO TBL_LUGARES (id_lugar, id_lugar_padre, id_tipo_lugar, lugar, zip) VALUES (10, NULL, 1, 'Noruega', 56768);
INSERT INTO TBL_LUGARES (id_lugar, id_lugar_padre, id_tipo_lugar, lugar, zip) VALUES (11, NULL, 1, 'España', 75001);
INSERT INTO TBL_LUGARES (id_lugar, id_lugar_padre, id_tipo_lugar, lugar, zip) VALUES (12, NULL, 1, 'Argentina', 56768);
INSERT INTO TBL_LUGARES (id_lugar, id_lugar_padre, id_tipo_lugar, lugar, zip) VALUES (13, NULL, 1, 'Colombia', 56768);

INSERT INTO TBL_LUGARES (id_lugar, id_lugar_padre, id_tipo_lugar, lugar, zip) VALUES (14, 1, 2, 'Francisco Morazan', 90210);
INSERT INTO TBL_LUGARES (id_lugar, id_lugar_padre, id_tipo_lugar, lugar, zip) VALUES (15, 2, 2, 'Guatemala', 75578);
INSERT INTO TBL_LUGARES (id_lugar, id_lugar_padre, id_tipo_lugar, lugar, zip) VALUES (16, 3, 2, 'San Salvador', 56768);

INSERT INTO TBL_LUGARES (id_lugar, id_lugar_padre, id_tipo_lugar, lugar, zip) VALUES (17, 7, 3, 'Tegucigalpa', 94102);
INSERT INTO TBL_LUGARES (id_lugar, id_lugar_padre, id_tipo_lugar, lugar, zip) VALUES (18, 8, 3, 'Guatemala', 09876);
INSERT INTO TBL_LUGARES (id_lugar, id_lugar_padre, id_tipo_lugar, lugar, zip) VALUES (19, 9, 3, 'San Salvador', 69878);

--INSERTAR ESTADO DE RESERVA
INSERT INTO tbl_estado_reserva ( id_estado_reserva, estado_reserva) VALUES ( 1, 'EN CURSO');
INSERT INTO tbl_estado_reserva ( id_estado_reserva, estado_reserva) VALUES ( 2, 'CANCELADA');
INSERT INTO tbl_estado_reserva ( id_estado_reserva, estado_reserva) VALUES ( 3, 'CONFIRMADA');


-- Insertar rutas 
    INSERT INTO tbl_rutas (id_ruta, id_lugar_origen, id_lugar_destino, distancia) VALUES (1, 4, 5, 5550.00);
    INSERT INTO tbl_rutas (id_ruta, id_lugar_origen, id_lugar_destino, distancia) VALUES (2, 4, 6, 5550.00);
    INSERT INTO tbl_rutas (id_ruta, id_lugar_origen, id_lugar_destino, distancia) VALUES (3, 6, 5, 500.00);

    INSERT INTO tbl_rutas (id_ruta, id_lugar_origen, id_lugar_destino, distancia) VALUES (4, 7, 8, 2000.00);
    INSERT INTO tbl_rutas (id_ruta, id_lugar_origen, id_lugar_destino, distancia) VALUES (5, 7, 9, 2000.00);
    INSERT INTO tbl_rutas (id_ruta, id_lugar_origen, id_lugar_destino, distancia) VALUES (6, 9, 8, 17000.00);

    INSERT INTO tbl_rutas (id_ruta, id_lugar_origen, id_lugar_destino, distancia) VALUES (7, 1, 10, 1000.00);
    INSERT INTO tbl_rutas (id_ruta, id_lugar_origen, id_lugar_destino, distancia) VALUES (8, 1, 11, 3000.00);
    INSERT INTO tbl_rutas (id_ruta, id_lugar_origen, id_lugar_destino, distancia) VALUES (9, 11, 10, 11000.00);

    INSERT INTO tbl_rutas (id_ruta, id_lugar_origen, id_lugar_destino, distancia) VALUES (10, 1, 12, 1000.00);
    INSERT INTO tbl_rutas (id_ruta, id_lugar_origen, id_lugar_destino, distancia) VALUES (11, 1, 13, 3000.00);
    INSERT INTO tbl_rutas (id_ruta, id_lugar_origen, id_lugar_destino, distancia) VALUES (12, 13, 12, 11000.00);


    INSERT INTO tbl_rutas (id_ruta, id_lugar_origen, id_lugar_destino, distancia) VALUES (13, 5, 4, 5550.00);
    INSERT INTO tbl_rutas (id_ruta, id_lugar_origen, id_lugar_destino, distancia) VALUES (14, 6, 4, 5550.00);
    INSERT INTO tbl_rutas (id_ruta, id_lugar_origen, id_lugar_destino, distancia) VALUES (15, 5, 6, 500.00);

    INSERT INTO tbl_rutas (id_ruta, id_lugar_origen, id_lugar_destino, distancia) VALUES (16, 8, 7, 2000.00);
    INSERT INTO tbl_rutas (id_ruta, id_lugar_origen, id_lugar_destino, distancia) VALUES (17, 9, 7, 2000.00);
    INSERT INTO tbl_rutas (id_ruta, id_lugar_origen, id_lugar_destino, distancia) VALUES (18, 8, 9, 17000.00);

    INSERT INTO tbl_rutas (id_ruta, id_lugar_origen, id_lugar_destino, distancia) VALUES (19, 10, 1, 1000.00);
    INSERT INTO tbl_rutas (id_ruta, id_lugar_origen, id_lugar_destino, distancia) VALUES (20, 11, 1, 3000.00);
    INSERT INTO tbl_rutas (id_ruta, id_lugar_origen, id_lugar_destino, distancia) VALUES (21, 10, 11, 11000.00);

    INSERT INTO tbl_rutas (id_ruta, id_lugar_origen, id_lugar_destino, distancia) VALUES (22, 12, 1, 1000.00);
    INSERT INTO tbl_rutas (id_ruta, id_lugar_origen, id_lugar_destino, distancia) VALUES (23, 13, 1, 3000.00);
    INSERT INTO tbl_rutas (id_ruta, id_lugar_origen, id_lugar_destino, distancia) VALUES (24, 12, 13, 11000.00);

    CREATE SEQUENCE SEQ_VUELOS INCREMENT BY 1 START WITH 0 MAXVALUE 1000000000 MINVALUE 0;
    CREATE SEQUENCE SEQ_ASIENTOS INCREMENT BY 1 START WITH 0 MAXVALUE 1000000000 MINVALUE 0;
    CREATE SEQUENCE SEQ_ID_BOLETOS INCREMENT BY 1 START WITH 0 MAXVALUE 1000000000 MINVALUE 0;
    CREATE SEQUENCE SEQ_ID_FACTURAS INCREMENT BY 1 START WITH 0 MAXVALUE 1000000000 MINVALUE 0;
    CREATE SEQUENCE SEQ_ID_BOLETOS_FACTURAS INCREMENT BY 1 START WITH 0 MAXVALUE 1000000000 MINVALUE 0;
    CREATE SEQUENCE SEQ_ID_EQUIPAJES INCREMENT BY 1 START WITH 0 MAXVALUE 1000000000 MINVALUE 0;

        COMMIT;