<?xml version = '1.0' encoding = 'UTF-8'?>
<FKIndexAssociation class="oracle.dbtools.crest.model.design.relational.FKIndexAssociation" directorySegmentName="seg_0" id="02B434B1-85C1-9E0B-9805-C2A097E0875A" containerWithKeyObject="AA1DF171-04E7-07BE-DCAF-F26CB5BAF6F7" localFKIndex="A3B82436-893A-A038-FC79-5D6552DD9B5F" name="TBL_E_P_B_TBL_B_FK">
<createdBy>steph</createdBy>
<createdTime>2024-04-28 02:55:17 UTC</createdTime>
<ownerDesignName>Modelo_DHW_ProyectoBD2</ownerDesignName>
<referredTableLongName>TBL_BOLETOS</referredTableLongName>
<deleteRule>NO ACTION</deleteRule>
<referredTableID>40340681-3837-4735-331E-9EB292E71A1C</referredTableID>
<keyObject>2EE03742-C0F9-FC8D-4651-E450033E772C</keyObject>
<referredKeyID>2EE03742-C0F9-FC8D-4651-E450033E772C</referredKeyID>
<mandatory>true</mandatory>
<refColNames>ID_BOLETO</refColNames>
<transferable>true</transferable>
<rely>false</rely>
<columnDependencyConstraintGenerateInDDL>true</columnDependencyConstraintGenerateInDDL>
</FKIndexAssociation>