<?xml version = '1.0' encoding = 'UTF-8'?>
<FKIndexAssociation class="oracle.dbtools.crest.model.design.relational.FKIndexAssociation" directorySegmentName="seg_0" id="06C1B335-C446-03EF-20A5-85D67B4139ED" containerWithKeyObject="052728D2-F4BC-EE70-9D5F-D15E2F23BEC5" localFKIndex="A73F270E-07AE-CFD8-A7F9-26177A5A0335" name="FK_POLITICAS_X_HOTEL_HOTEL">
<createdBy>Usuario</createdBy>
<createdTime>2024-03-24 14:09:00 UTC</createdTime>
<ownerDesignName>Modelo_DHW_ProyectoBD2</ownerDesignName>
<referredTableLongName>TBL_HOTELES</referredTableLongName>
<deleteRule>NO ACTION</deleteRule>
<referredTableID>9998AA59-0ABD-E1DC-B1A8-7E45D5A426C3</referredTableID>
<keyObject>FFE1E8D0-3A85-BFC5-9CC8-6EF1DFA196A7</keyObject>
<referredKeyID>FFE1E8D0-3A85-BFC5-9CC8-6EF1DFA196A7</referredKeyID>
<mandatory>true</mandatory>
<refColNames>ID_HOTEL</refColNames>
<transferable>true</transferable>
<rely>false</rely>
<columnDependencyConstraintGenerateInDDL>true</columnDependencyConstraintGenerateInDDL>
</FKIndexAssociation>
