<?xml version = '1.0' encoding = 'UTF-8'?>
<FKIndexAssociation class="oracle.dbtools.crest.model.design.relational.FKIndexAssociation" directorySegmentName="seg_0" id="0B0EC5EF-B322-C5C5-EB05-18EA029A60E8" containerWithKeyObject="A591C320-FB8C-6968-0004-37B7BBC754A7" localFKIndex="E3248169-620F-17AB-A1C6-0DB86203870A" name="FK_DETALLE_FACTURA">
<createdBy>Usuario</createdBy>
<createdTime>2024-03-24 15:34:41 UTC</createdTime>
<ownerDesignName>Modelo_DHW_ProyectoBD2</ownerDesignName>
<referredTableLongName>TBL_FACTURAS</referredTableLongName>
<deleteRule>NO ACTION</deleteRule>
<referredTableID>0226CC07-2E22-DFB7-6895-94C73895A57D</referredTableID>
<keyObject>8C98CED5-0274-6725-7836-2AD08EEBD11B</keyObject>
<referredKeyID>8C98CED5-0274-6725-7836-2AD08EEBD11B</referredKeyID>
<mandatory>true</mandatory>
<refColNames>ID_FACTURA</refColNames>
<transferable>true</transferable>
<rely>false</rely>
<columnDependencyConstraintGenerateInDDL>true</columnDependencyConstraintGenerateInDDL>
</FKIndexAssociation>
