<?xml version = '1.0' encoding = 'UTF-8'?>
<FKIndexAssociation class="oracle.dbtools.crest.model.design.relational.FKIndexAssociation" directorySegmentName="seg_0" id="25A2987D-3A03-88B3-94D5-09E6CA78D4C9" containerWithKeyObject="052728D2-F4BC-EE70-9D5F-D15E2F23BEC5" localFKIndex="A65D8DD9-5FEE-7B53-798F-F00831554D5C" name="FK_POLITICAS_X_HOTEL_POLITICA">
<createdBy>Usuario</createdBy>
<createdTime>2024-03-24 14:12:35 UTC</createdTime>
<ownerDesignName>Modelo_DHW_ProyectoBD2</ownerDesignName>
<referredTableLongName>TBL_POLITICAS</referredTableLongName>
<deleteRule>NO ACTION</deleteRule>
<referredTableID>3F58E258-D403-DF6D-6BE5-6D1DC689DC04</referredTableID>
<keyObject>490B9A86-34B8-49BE-4905-3F6DF54DDA03</keyObject>
<referredKeyID>490B9A86-34B8-49BE-4905-3F6DF54DDA03</referredKeyID>
<mandatory>true</mandatory>
<refColNames>ID_POLITICA</refColNames>
<transferable>true</transferable>
<rely>false</rely>
<columnDependencyConstraintGenerateInDDL>true</columnDependencyConstraintGenerateInDDL>
</FKIndexAssociation>
