<?xml version = '1.0' encoding = 'UTF-8'?>
<FKIndexAssociation class="oracle.dbtools.crest.model.design.relational.FKIndexAssociation" directorySegmentName="seg_0" id="306FCC34-97D6-FF6E-7988-52861AA12CF8" containerWithKeyObject="BBEF0AE1-8535-2E24-4091-A00151A61DA5" localFKIndex="0DB6D823-3059-0485-F88C-B7397AC14F3D" name="TBL_RES_TBL_CLI_FK">
<createdBy>Dorian Contreras</createdBy>
<createdTime>2024-04-29 08:44:57 UTC</createdTime>
<ownerDesignName>Modelo_DHW_ProyectoBD2</ownerDesignName>
<referredTableLongName>TBL_CLIENTES</referredTableLongName>
<deleteRule>NO ACTION</deleteRule>
<referredTableID>834396C3-4F93-1B09-42FE-776442E63692</referredTableID>
<keyObject>678563C1-96F4-8F8A-F48F-540B75FBD2B1</keyObject>
<referredKeyID>678563C1-96F4-8F8A-F48F-540B75FBD2B1</referredKeyID>
<mandatory>true</mandatory>
<refColNames>CORREO_ELECTRONICO</refColNames>
<transferable>true</transferable>
<rely>false</rely>
<columnDependencyConstraintGenerateInDDL>true</columnDependencyConstraintGenerateInDDL>
</FKIndexAssociation>
