<?xml version = '1.0' encoding = 'UTF-8'?>
<FKIndexAssociation class="oracle.dbtools.crest.model.design.relational.FKIndexAssociation" directorySegmentName="seg_0" id="47FFA109-D6B1-F268-7F87-83F951E5DCE7" containerWithKeyObject="C8053052-585B-2330-29EA-1C54ED92102C" localFKIndex="C279518A-A62A-B500-2257-429D38665484" name="TBL_FAV_DE_CLI_TBL_CLI_FK">
<createdBy>Dorian Contreras</createdBy>
<createdTime>2024-04-29 08:40:22 UTC</createdTime>
<ownerDesignName>Modelo_DHW_ProyectoBD2</ownerDesignName>
<referredTableLongName>TBL_CLIENTES</referredTableLongName>
<deleteRule>NO ACTION</deleteRule>
<referredTableID>834396C3-4F93-1B09-42FE-776442E63692</referredTableID>
<keyObject>678563C1-96F4-8F8A-F48F-540B75FBD2B1</keyObject>
<referredKeyID>678563C1-96F4-8F8A-F48F-540B75FBD2B1</referredKeyID>
<mandatory>true</mandatory>
<refColNames>CORREO_ELECTRONICO</refColNames>
<transferable>true</transferable>
<rely>false</rely>
<columnDependencyConstraintGenerateInDDL>true</columnDependencyConstraintGenerateInDDL>
</FKIndexAssociation>
