<?xml version = '1.0' encoding = 'UTF-8'?>
<FKIndexAssociation class="oracle.dbtools.crest.model.design.relational.FKIndexAssociation" directorySegmentName="seg_0" id="5078296F-3B09-F018-DA23-BDF9AC795BE2" containerWithKeyObject="E640C47C-89F1-C71B-E2CF-FB5F9BA863CA" localFKIndex="15C2C96B-A828-F8B8-791F-755F22B132A4" name="TBL_EVA_X_HOT_TBL_CLI_FK">
<createdBy>Dorian Contreras</createdBy>
<createdTime>2024-04-29 08:43:18 UTC</createdTime>
<ownerDesignName>Modelo_DHW_ProyectoBD2</ownerDesignName>
<referredTableLongName>TBL_CLIENTES</referredTableLongName>
<deleteRule>NO ACTION</deleteRule>
<referredTableID>834396C3-4F93-1B09-42FE-776442E63692</referredTableID>
<keyObject>678563C1-96F4-8F8A-F48F-540B75FBD2B1</keyObject>
<referredKeyID>678563C1-96F4-8F8A-F48F-540B75FBD2B1</referredKeyID>
<mandatory>true</mandatory>
<refColNames>CORREO_ELECTRONICO</refColNames>
<transferable>true</transferable>
<rely>false</rely>
<columnDependencyConstraintGenerateInDDL>true</columnDependencyConstraintGenerateInDDL>
</FKIndexAssociation>
