<?xml version = '1.0' encoding = 'UTF-8'?>
<FKIndexAssociation class="oracle.dbtools.crest.model.design.relational.FKIndexAssociation" directorySegmentName="seg_0" id="58FD4778-D241-FF5A-DA7C-30570822A272" containerWithKeyObject="40340681-3837-4735-331E-9EB292E71A1C" localFKIndex="E4EC422E-4B18-8455-9901-5AB907082E65" name="TBL_BOL_TBL_CLI_FK">
<createdBy>Dorian Contreras</createdBy>
<createdTime>2024-04-29 08:39:28 UTC</createdTime>
<ownerDesignName>Modelo_DHW_ProyectoBD2</ownerDesignName>
<referredTableLongName>TBL_CLIENTES</referredTableLongName>
<deleteRule>NO ACTION</deleteRule>
<referredTableID>834396C3-4F93-1B09-42FE-776442E63692</referredTableID>
<keyObject>678563C1-96F4-8F8A-F48F-540B75FBD2B1</keyObject>
<referredKeyID>678563C1-96F4-8F8A-F48F-540B75FBD2B1</referredKeyID>
<mandatory>true</mandatory>
<refColNames>CORREO_ELECTRONICO</refColNames>
<transferable>true</transferable>
<rely>false</rely>
<columnDependencyConstraintGenerateInDDL>true</columnDependencyConstraintGenerateInDDL>
</FKIndexAssociation>
