<?xml version = '1.0' encoding = 'UTF-8'?>
<FKIndexAssociation class="oracle.dbtools.crest.model.design.relational.FKIndexAssociation" directorySegmentName="seg_0" id="5E784ED5-AB9F-378C-2AF5-AEEAC7BEBB61" containerWithKeyObject="92584426-F8A1-E73B-56DC-9637499A4403" localFKIndex="99E7AE08-2286-6836-80D4-33A2654F3A97" name="TBL_SER_A_TBL_F_B_FK">
<createdBy>steph</createdBy>
<createdTime>2024-02-18 01:16:06 UTC</createdTime>
<ownerDesignName>Modelo_DHW_ProyectoBD2</ownerDesignName>
<referredTableLongName>TBL_FACTURA_BOLETOS</referredTableLongName>
<deleteRule>NO ACTION</deleteRule>
<referredTableID>B7348047-146E-F0C4-A75B-86BF69EA2CF4</referredTableID>
<keyObject>933D50BD-99F1-E228-8E2D-EB0F3ABCC43A</keyObject>
<referredKeyID>933D50BD-99F1-E228-8E2D-EB0F3ABCC43A</referredKeyID>
<mandatory>true</mandatory>
<refColNames>ID_BOLETO_FACTURA</refColNames>
<transferable>true</transferable>
<rely>false</rely>
<columnDependencyConstraintGenerateInDDL>true</columnDependencyConstraintGenerateInDDL>
</FKIndexAssociation>
