<?xml version = '1.0' encoding = 'UTF-8'?>
<FKIndexAssociation class="oracle.dbtools.crest.model.design.relational.FKIndexAssociation" directorySegmentName="seg_0" id="65B3C9F1-7E2E-9B89-361C-08756809B14A" containerWithKeyObject="3097AEB8-67D3-2E61-7198-B983866AE78B" localFKIndex="582BFA73-C513-23D3-A0B6-6E0511BF3E2B" name="FK_SERVICIOS_X_HOTEL_H">
<createdBy>Usuario</createdBy>
<createdTime>2024-03-24 15:09:12 UTC</createdTime>
<ownerDesignName>Modelo_DHW_ProyectoBD2</ownerDesignName>
<referredTableLongName>TBL_HOTELES</referredTableLongName>
<deleteRule>NO ACTION</deleteRule>
<referredTableID>9998AA59-0ABD-E1DC-B1A8-7E45D5A426C3</referredTableID>
<keyObject>FFE1E8D0-3A85-BFC5-9CC8-6EF1DFA196A7</keyObject>
<referredKeyID>FFE1E8D0-3A85-BFC5-9CC8-6EF1DFA196A7</referredKeyID>
<mandatory>true</mandatory>
<refColNames>ID_HOTEL</refColNames>
<transferable>true</transferable>
<rely>false</rely>
<columnDependencyConstraintGenerateInDDL>true</columnDependencyConstraintGenerateInDDL>
</FKIndexAssociation>
