<?xml version = '1.0' encoding = 'UTF-8'?>
<FKIndexAssociation class="oracle.dbtools.crest.model.design.relational.FKIndexAssociation" directorySegmentName="seg_0" id="6C1AA06B-C7F1-994A-B4E0-CEC97A503EDE" containerWithKeyObject="A591C320-FB8C-6968-0004-37B7BBC754A7" localFKIndex="535F18AA-B96A-514C-7086-9AB9D969161D" name="FK_DETALLE_RESERVACION">
<createdBy>Usuario</createdBy>
<createdTime>2024-03-24 15:35:09 UTC</createdTime>
<ownerDesignName>Modelo_DHW_ProyectoBD2</ownerDesignName>
<referredTableLongName>TBL_RESERVACIONES</referredTableLongName>
<deleteRule>NO ACTION</deleteRule>
<referredTableID>BBEF0AE1-8535-2E24-4091-A00151A61DA5</referredTableID>
<keyObject>3B6922B4-CC60-45F2-5F0B-F5024346789C</keyObject>
<referredKeyID>3B6922B4-CC60-45F2-5F0B-F5024346789C</referredKeyID>
<mandatory>true</mandatory>
<refColNames>ID_RESERVACION</refColNames>
<transferable>true</transferable>
<rely>false</rely>
<columnDependencyConstraintGenerateInDDL>true</columnDependencyConstraintGenerateInDDL>
</FKIndexAssociation>
