<?xml version = '1.0' encoding = 'UTF-8'?>
<FKIndexAssociation class="oracle.dbtools.crest.model.design.relational.FKIndexAssociation" directorySegmentName="seg_0" id="748425C0-86CA-B4E9-9BFB-691A8C7AE6F0" containerWithKeyObject="18A722A9-1BCF-49E6-386E-633197007D94" localFKIndex="75790566-AD9E-F8F7-4CEA-F35B908682EA" name="TBL_CAR_TBL_CLI_FK">
<createdBy>Dorian Contreras</createdBy>
<createdTime>2024-04-29 08:38:08 UTC</createdTime>
<ownerDesignName>Modelo_DHW_ProyectoBD2</ownerDesignName>
<referredTableLongName>TBL_CLIENTES</referredTableLongName>
<deleteRule>NO ACTION</deleteRule>
<referredTableID>834396C3-4F93-1B09-42FE-776442E63692</referredTableID>
<keyObject>678563C1-96F4-8F8A-F48F-540B75FBD2B1</keyObject>
<referredKeyID>678563C1-96F4-8F8A-F48F-540B75FBD2B1</referredKeyID>
<mandatory>true</mandatory>
<refColNames>CORREO_ELECTRONICO</refColNames>
<transferable>true</transferable>
<rely>false</rely>
<columnDependencyConstraintGenerateInDDL>true</columnDependencyConstraintGenerateInDDL>
</FKIndexAssociation>
