<?xml version = '1.0' encoding = 'UTF-8'?>
<FKIndexAssociation class="oracle.dbtools.crest.model.design.relational.FKIndexAssociation" directorySegmentName="seg_0" id="8E1C6C10-9DE3-774F-BA4C-3C8CAB9DA907" containerWithKeyObject="3B8E3B5F-24F9-476C-ACD6-C268FF6BC71A" localFKIndex="38EA9D47-FE76-9038-4AA6-3B07D005ED89" name="FK_AMENIDADES_HAB">
<createdBy>Usuario</createdBy>
<createdTime>2024-03-24 15:00:09 UTC</createdTime>
<ownerDesignName>Modelo_DHW_ProyectoBD2</ownerDesignName>
<referredTableLongName>TBL_HABITACIONES</referredTableLongName>
<deleteRule>NO ACTION</deleteRule>
<referredTableID>6B2ADED7-EB00-620A-FF5F-9BF2119B893F</referredTableID>
<keyObject>9972CA28-D174-8441-5258-1F3255EDE7DD</keyObject>
<referredKeyID>9972CA28-D174-8441-5258-1F3255EDE7DD</referredKeyID>
<mandatory>true</mandatory>
<refColNames>CODIGO_HABITACION</refColNames>
<transferable>true</transferable>
<rely>false</rely>
<columnDependencyConstraintGenerateInDDL>true</columnDependencyConstraintGenerateInDDL>
</FKIndexAssociation>
