<?xml version = '1.0' encoding = 'UTF-8'?>
<FKIndexAssociation class="oracle.dbtools.crest.model.design.relational.FKIndexAssociation" directorySegmentName="seg_0" id="93123343-FCBE-B39C-2251-EF4B6791F0CD" containerWithKeyObject="0083369E-6D76-304F-396B-0631D5C7B38C" localFKIndex="5EB09F46-973B-3BF4-BB9E-9476C29062F8" name="TBL_HI_UB_TBL_C_FK">
<createdBy>steph</createdBy>
<createdTime>2024-03-24 05:44:38 UTC</createdTime>
<ownerDesignName>Modelo_DHW_ProyectoBD2</ownerDesignName>
<referredTableLongName>TBL_CONDUCTORES</referredTableLongName>
<deleteRule>NO ACTION</deleteRule>
<referredTableID>464D5F60-D8D7-1D50-C526-9EBC64E0BF84</referredTableID>
<keyObject>B3631548-AA25-BC2E-9B60-203535FB0F2D</keyObject>
<referredKeyID>B3631548-AA25-BC2E-9B60-203535FB0F2D</referredKeyID>
<mandatory>false</mandatory>
<refColNames>ID_CONDUCTOR</refColNames>
<transferable>true</transferable>
<rely>false</rely>
<columnDependencyConstraintGenerateInDDL>true</columnDependencyConstraintGenerateInDDL>
</FKIndexAssociation>
