<?xml version = '1.0' encoding = 'UTF-8'?>
<FKIndexAssociation class="oracle.dbtools.crest.model.design.relational.FKIndexAssociation" directorySegmentName="seg_0" id="966FDD45-3F6D-C9DB-A5C0-E21160B3418D" containerWithKeyObject="C8053052-585B-2330-29EA-1C54ED92102C" localFKIndex="367B0976-9819-E3FC-9823-63AD61F87B64" name="FK_FAVORITOS_HOTEL">
<createdBy>Usuario</createdBy>
<createdTime>2024-03-24 14:32:17 UTC</createdTime>
<ownerDesignName>Modelo_DHW_ProyectoBD2</ownerDesignName>
<referredTableLongName>TBL_HOTELES</referredTableLongName>
<deleteRule>NO ACTION</deleteRule>
<referredTableID>9998AA59-0ABD-E1DC-B1A8-7E45D5A426C3</referredTableID>
<keyObject>FFE1E8D0-3A85-BFC5-9CC8-6EF1DFA196A7</keyObject>
<referredKeyID>FFE1E8D0-3A85-BFC5-9CC8-6EF1DFA196A7</referredKeyID>
<mandatory>true</mandatory>
<refColNames>ID_HOTEL</refColNames>
<transferable>true</transferable>
<rely>false</rely>
<columnDependencyConstraintGenerateInDDL>true</columnDependencyConstraintGenerateInDDL>
</FKIndexAssociation>
