<?xml version = '1.0' encoding = 'UTF-8'?>
<FKIndexAssociation class="oracle.dbtools.crest.model.design.relational.FKIndexAssociation" directorySegmentName="seg_0" id="E14E5A83-4CA3-7678-5346-3720C583F412" containerWithKeyObject="AA1DF171-04E7-07BE-DCAF-F26CB5BAF6F7" localFKIndex="921555E0-3B01-54F1-71BE-4ED8383304F5" name="TBL_E_P_B_TBL_E_FK">
<createdBy>steph</createdBy>
<createdTime>2024-04-28 02:55:38 UTC</createdTime>
<ownerDesignName>Modelo_DHW_ProyectoBD2</ownerDesignName>
<referredTableLongName>TBL_EQUIPAJES</referredTableLongName>
<deleteRule>NO ACTION</deleteRule>
<referredTableID>6620661E-2EF5-78FF-ED40-218F6AA546D6</referredTableID>
<keyObject>48CE95C4-7057-76FC-1EBC-7E125F507BC7</keyObject>
<referredKeyID>48CE95C4-7057-76FC-1EBC-7E125F507BC7</referredKeyID>
<mandatory>true</mandatory>
<refColNames>ID_EQUIPAJE</refColNames>
<transferable>true</transferable>
<rely>false</rely>
<columnDependencyConstraintGenerateInDDL>true</columnDependencyConstraintGenerateInDDL>
</FKIndexAssociation>